plz	provider	tarif	price	deckungssumme
59558	ADAC-Schutzbrief Versicherungs-AG	EXKLUSIV (nur ADAC Mitglieder)	55,00	10
59558	Adcuri	Basis	43,28	5
59558	Adcuri	Top	51,42	10
59558	Adcuri	Premium	73,84	10
59558	Adcuri	Premium	82,48	50
59558	AllSecur	Basis	50,11	6
59558	AllSecur	Komfort	57,10	12
59558	AllSecur	Premium	66,68	24
59558	ARAG	Basis	55,54	5
59558	ADAC-Schutzbrief Versicherungs-AG	EXKLUSIV (nur ADAC Mitglieder)	55,00	10
59558	Adcuri	Basis	43,28	5
59558	Adcuri	Top	51,42	10
59558	Adcuri	Premium	73,84	10
59558	Adcuri	Premium	82,48	50
59558	AllSecur	Basis	50,11	6
59558	AllSecur	Komfort	57,10	12
59558	AllSecur	Premium	66,68	24
59558	ARAG	Basis	55,54	5
59558	ARAG	Premium	119,25	50
59558	asspario	fair select (5 Jahre ohne Vorschaden)	44,13	10
59558	asspario	best select (5 Jahre ohne Vorschaden)	51,62	15
59558	asspario	top select (5 Jahre ohne Vorschaden)	72,17	50
59558	AXA	Alternativ S - (1 Jahr ohne Vorschaden)	36,35	5
59558	AXA	Alternativ M - (1 Jahr ohne Vorschaden)	41,35	20
59558	AXA	Alternativ M - (1 Jahr ohne Vorschaden)	46,35	20
59558	AXA	Alternativ M - (1 Jahr ohne Vorschaden)	56,35	20
59558	AXA	Alternativ L - (1 Jahr ohne Vorschaden)	67,96	50
59558	Baden-Badener	Eco	39,96	7,5
59558	Baden-Badener	Eco Plus	40,66	10
59558	Baden-Badener	Premium	51,40	10
59558	BarmeniaDirekt	Kompakt	37,01	5
59558	BarmeniaDirekt	Top	63,47	10
59558	BarmeniaDirekt	Top	72,01	50
59558	BarmeniaDirekt	Premium	85,68	10
59558	BarmeniaDirekt	Premium	94,21	50
59558	BavariaDirekt	Komfort S (5 Jahre ohne Vorschaden)	44,91	5
59558	BavariaDirekt	Komfort L (5 Jahre ohne Vorschaden)	54,67	30
59558	BGV / Badische Versicherungen	Basis	42,90	7,5
59558	BGV / Badische Versicherungen	Klassik	64,90	10
59558	BGV / Badische Versicherungen	Exklusiv	93,50	50
59558	Condor	Privatschutz	93,06	15
59558	Condor	Privatschutz Comfort	117,10	20
59558	DEVK Allgemeine	Komfort-Schutz	49,20	10
59558	DEVK Allgemeine	Premium-Schutz	70,80	20
59558	die Bayerische	Komfort (3 Jahre ohne Vorschaden)	54,39	15
59558	die Bayerische	Prestige (3 Jahre ohne Vorschaden)	77,88	50
59558	Die Haftpflichtkasse	Einfach Gut	54,74	15
59558	Die Haftpflichtkasse	Einfach Besser	66,64	20
59558	Die Haftpflichtkasse	Einfach Besser Plus	73,78	50
59558	Die Haftpflichtkasse	Einfach Komplett	83,30	50
59558	ERGO	Privat-Haftpflichtversicherung	77,22	5
59558	ERGO	Privat-Haftpflichtversicherung	82,54	10
59558	ERGO	Privat-Haftpflichtversicherung	90,71	50
59558	ERGO	Premium Schutz	125,87	10
59558	ERGO	Premium Schutz	134,04	50
59558	Europa	Basis	37,76	5
59558	Europa	Komfort	52,23	10
59558	Europa	Premium	84,79	30
59558	Gothaer	Privathaftpflicht	42,11	10
59558	Gothaer	Top	72,39	20
59558	Gothaer	TopPlus	94,77	50
59558	GVO	VIT	42,48	5
59558	GVO	TOP-VIT	61,18	10
59558	GVO	TOP-VIT	76,68	20
59558	GVO	TOP-VIT mit Bestleistungs-Garantie	87,36	10
59558	GVO	TOP-VIT mit Bestleistungs-Garantie	92,15	20
59558	HanseMerkur	Premium	48,37	10
59558	HanseMerkur	Top	63,84	5
59558	HanseMerkur	Top	82,05	10
59558	HanseMerkur	Top	95,00	30
59558	Helvetia	Basisschutz	44,40	5
59558	Helvetia	Basisschutz	45,57	10
59558	Helvetia	Komfortschutz	54,01	5
59558	Helvetia	Komfortschutz	55,76	10
59558	Inter	Exklusiv	69,62	8
59558	Inter	Premium	78,18	10
59558	Interlloyd	PHV Eurosecure	59,50	10
59558	Interlloyd	PHV Premium	71,40	20
59558	Interrisk	Spezial (5 Jahre schadenfreie Vorversicherung)	59,38	7,5
59558	Janitos	Basic (5 Jahre ohne Vorschaden)	55,67	10
59558	Janitos	Balance (5 Jahre ohne Vorschaden)	61,08	20
59558	Janitos	Best Selection (5 Jahre ohne Vorschaden)	63,65	10
59558	Janitos	Best Selection (5 Jahre ohne Vorschaden)	66,34	20
59558	Janitos	Best Selection (5 Jahre ohne Vorschaden) mit Multi-Garantie	70,79	10
59558	Janitos	Best Selection (5 Jahre ohne Vorschaden) mit Multi-Garantie	73,48	20
59558	Medien	Standard	47,60	5
59558	Medien	Komfort	53,31	5
59558	Medien	Komfort	56,53	7,5
59558	Medien	Komfort	72,59	10
59558	Oberösterreichische	Komfortschutz (5 Jahre ohne Vorschaden)	30,87	5
59558	Oberösterreichische	Superschutz (5 Jahre ohne Vorschaden)	44,80	5
59558	Oberösterreichische	Superschutz (5 Jahre ohne Vorschaden)	53,31	10
59558	Prokundo	Komfort plus (5 Jahre ohne Vorschaden)	52,60	10
59558	Prokundo	Exklusiv plus (5 Jahre ohne Vorschaden)	67,95	15
59558	R+V	Privatschutz	93,06	15
59558	Rhion	Standard	48,15	5
59558	Rhion	Plus	61,19	5
59558	Rhion	Premium	71,85	10
59558	Rhion	Premium	75,85	20
59558	Schleswiger	Plus	54,19	5
59558	Schleswiger	Exklusiv	69,73	15
59558	Syncro24	BLUE LINE TIP	54,74	10
59558	Syncro24	BLUE LINE TOP	71,40	10
59558	VHV	Klassik-Garant	48,20	10
59558	VHV	Exklusiv	61,29	50
59558	VHV	Exklusiv mit Best-Leistungs-Garantie	75,57	50
59558	VOLKSWOHL BUND	KomfortPlus	91,63	10
21493	ADAC-Schutzbrief Versicherungs-AG	EXKLUSIV (nur ADAC Mitglieder)	55,00	10
21493	Adcuri	Basis	43,28	5
21493	Adcuri	Top	51,42	10
21493	Adcuri	Premium	73,84	10
21493	Adcuri	Premium	82,48	50
21493	AllSecur	Basis	39,10	6
21493	AllSecur	Komfort	47,50	12
21493	AllSecur	Premium	56,07	24
21493	ARAG	Basis	55,54	5
21493	ADAC-Schutzbrief Versicherungs-AG	EXKLUSIV (nur ADAC Mitglieder)	55,00	10
21493	Adcuri	Basis	43,28	5
21493	Adcuri	Top	51,42	10
21493	Adcuri	Premium	73,84	10
21493	Adcuri	Premium	82,48	50
21493	AllSecur	Basis	39,10	6
21493	AllSecur	Komfort	47,50	12
21493	AllSecur	Premium	56,07	24
21493	ARAG	Basis	55,54	5
21493	ARAG	Premium	119,25	50
21493	asspario	fair select (5 Jahre ohne Vorschaden)	44,13	10
21493	asspario	best select (5 Jahre ohne Vorschaden)	51,62	15
21493	asspario	top select (5 Jahre ohne Vorschaden)	72,17	50
21493	AXA	Alternativ S - (1 Jahr ohne Vorschaden)	32,89	5
21493	AXA	Alternativ M - (1 Jahr ohne Vorschaden)	37,89	20
21493	AXA	Alternativ M - (1 Jahr ohne Vorschaden)	42,89	20
21493	AXA	Alternativ M - (1 Jahr ohne Vorschaden)	52,89	20
21493	AXA	Alternativ L - (1 Jahr ohne Vorschaden)	64,50	50
21493	Baden-Badener	Eco	39,96	7,5
21493	Baden-Badener	Eco Plus	40,66	10
21493	Baden-Badener	Premium	51,40	10
21493	BarmeniaDirekt	Kompakt	37,01	5
21493	BarmeniaDirekt	Top	63,47	10
21493	BarmeniaDirekt	Top	72,01	50
21493	BarmeniaDirekt	Premium	85,68	10
21493	BarmeniaDirekt	Premium	94,21	50
21493	BavariaDirekt	Komfort S (5 Jahre ohne Vorschaden)	44,91	5
21493	BavariaDirekt	Komfort L (5 Jahre ohne Vorschaden)	54,67	30
21493	BGV / Badische Versicherungen	Basis	42,90	7,5
21493	BGV / Badische Versicherungen	Klassik	64,90	10
21493	BGV / Badische Versicherungen	Exklusiv	93,50	50
21493	Condor	Privatschutz	93,06	15
21493	Condor	Privatschutz Comfort	117,10	20
21493	DEVK Allgemeine	Komfort-Schutz	49,20	10
21493	DEVK Allgemeine	Premium-Schutz	70,80	20
21493	die Bayerische	Komfort (3 Jahre ohne Vorschaden)	54,39	15
21493	die Bayerische	Prestige (3 Jahre ohne Vorschaden)	77,88	50
21493	Die Haftpflichtkasse	Einfach Gut	54,74	15
21493	Die Haftpflichtkasse	Einfach Besser	66,64	20
21493	Die Haftpflichtkasse	Einfach Besser Plus	73,78	50
21493	Die Haftpflichtkasse	Einfach Komplett	83,30	50
21493	ERGO	Privat-Haftpflichtversicherung	77,22	5
21493	ERGO	Privat-Haftpflichtversicherung	82,54	10
21493	ERGO	Privat-Haftpflichtversicherung	90,71	50
21493	ERGO	Premium Schutz	125,87	10
21493	ERGO	Premium Schutz	134,04	50
21493	Europa	Basis	37,76	5
21493	Europa	Komfort	52,23	10
21493	Europa	Premium	84,79	30
21493	Gothaer	Privathaftpflicht	42,11	10
21493	Gothaer	Top	72,39	20
21493	Gothaer	TopPlus	94,77	50
21493	GVO	VIT	42,48	5
21493	GVO	TOP-VIT	61,18	10
21493	GVO	TOP-VIT	76,68	20
21493	GVO	TOP-VIT mit Bestleistungs-Garantie	87,36	10
21493	GVO	TOP-VIT mit Bestleistungs-Garantie	92,15	20
21493	HanseMerkur	Premium	48,37	10
21493	HanseMerkur	Top	63,84	5
21493	HanseMerkur	Top	82,05	10
21493	HanseMerkur	Top	95,00	30
21493	Helvetia	Basisschutz	44,40	5
21493	Helvetia	Basisschutz	45,57	10
21493	Helvetia	Komfortschutz	54,01	5
21493	Helvetia	Komfortschutz	55,76	10
21493	Inter	Exklusiv	69,62	8
21493	Inter	Premium	78,18	10
21493	Interlloyd	PHV Eurosecure	59,50	10
21493	Interlloyd	PHV Premium	71,40	20
21493	Interrisk	Spezial (5 Jahre schadenfreie Vorversicherung)	59,38	7,5
21493	Janitos	Basic (5 Jahre ohne Vorschaden)	55,67	10
21493	Janitos	Balance (5 Jahre ohne Vorschaden)	61,08	20
21493	Janitos	Best Selection (5 Jahre ohne Vorschaden)	63,65	10
21493	Janitos	Best Selection (5 Jahre ohne Vorschaden)	66,34	20
21493	Janitos	Best Selection (5 Jahre ohne Vorschaden) mit Multi-Garantie	70,79	10
21493	Janitos	Best Selection (5 Jahre ohne Vorschaden) mit Multi-Garantie	73,48	20
21493	Medien	Standard	47,60	5
21493	Medien	Komfort	53,31	5
21493	Medien	Komfort	56,53	7,5
21493	Medien	Komfort	72,59	10
21493	Oberösterreichische	Komfortschutz (5 Jahre ohne Vorschaden)	30,87	5
21493	Oberösterreichische	Superschutz (5 Jahre ohne Vorschaden)	44,80	5
21493	Oberösterreichische	Superschutz (5 Jahre ohne Vorschaden)	53,31	10
21493	Prokundo	Komfort plus (5 Jahre ohne Vorschaden)	52,60	10
21493	Prokundo	Exklusiv plus (5 Jahre ohne Vorschaden)	67,95	15
21493	R+V	Privatschutz	93,06	15
21493	Rhion	Standard	48,15	5
21493	Rhion	Plus	61,19	5
21493	Rhion	Premium	71,85	10
21493	Rhion	Premium	75,85	20
21493	Schleswiger	Plus	54,19	5
21493	Schleswiger	Exklusiv	69,73	15
21493	Syncro24	BLUE LINE TIP	54,74	10
21493	Syncro24	BLUE LINE TOP	71,40	10
21493	VHV	Klassik-Garant	48,20	10
21493	VHV	Exklusiv	61,29	50
21493	VHV	Exklusiv mit Best-Leistungs-Garantie	75,57	50
21493	VOLKSWOHL BUND	KomfortPlus	91,63	10
45133	ADAC-Schutzbrief Versicherungs-AG	EXKLUSIV (nur ADAC Mitglieder)	55,00	10
45133	Adcuri	Basis	43,28	5
45133	Adcuri	Top	51,42	10
45133	Adcuri	Premium	73,84	10
45133	Adcuri	Premium	82,48	50
45133	AllSecur	Basis	39,10	6
45133	AllSecur	Komfort	47,50	12
45133	AllSecur	Premium	56,07	24
45133	ARAG	Basis	55,54	5
45133	ADAC-Schutzbrief Versicherungs-AG	EXKLUSIV (nur ADAC Mitglieder)	55,00	10
45133	Adcuri	Basis	43,28	5
45133	Adcuri	Top	51,42	10
45133	Adcuri	Premium	73,84	10
45133	Adcuri	Premium	82,48	50
45133	AllSecur	Basis	39,10	6
45133	AllSecur	Komfort	47,50	12
45133	AllSecur	Premium	56,07	24
45133	ARAG	Basis	55,54	5
45133	ARAG	Premium	119,25	50
45133	asspario	fair select (5 Jahre ohne Vorschaden)	44,13	10
45133	asspario	best select (5 Jahre ohne Vorschaden)	51,62	15
45133	asspario	top select (5 Jahre ohne Vorschaden)	72,17	50
45133	AXA	Alternativ S - (1 Jahr ohne Vorschaden)	36,35	5
45133	AXA	Alternativ M - (1 Jahr ohne Vorschaden)	41,35	20
45133	AXA	Alternativ M - (1 Jahr ohne Vorschaden)	46,35	20
45133	AXA	Alternativ M - (1 Jahr ohne Vorschaden)	56,35	20
45133	AXA	Alternativ L - (1 Jahr ohne Vorschaden)	67,96	50
45133	Baden-Badener	Eco	39,96	7,5
45133	Baden-Badener	Eco Plus	40,66	10
45133	Baden-Badener	Premium	51,40	10
45133	BarmeniaDirekt	Kompakt	37,01	5
45133	BarmeniaDirekt	Top	63,47	10
45133	BarmeniaDirekt	Top	72,01	50
45133	BarmeniaDirekt	Premium	85,68	10
45133	BarmeniaDirekt	Premium	94,21	50
45133	BavariaDirekt	Komfort S (5 Jahre ohne Vorschaden)	44,91	5
45133	BavariaDirekt	Komfort L (5 Jahre ohne Vorschaden)	54,67	30
45133	BGV / Badische Versicherungen	Basis	42,90	7,5
45133	BGV / Badische Versicherungen	Klassik	64,90	10
45133	BGV / Badische Versicherungen	Exklusiv	93,50	50
45133	Condor	Privatschutz	93,06	15
45133	Condor	Privatschutz Comfort	117,10	20
45133	DEVK Allgemeine	Komfort-Schutz	49,20	10
45133	DEVK Allgemeine	Premium-Schutz	70,80	20
45133	die Bayerische	Komfort (3 Jahre ohne Vorschaden)	54,39	15
45133	die Bayerische	Prestige (3 Jahre ohne Vorschaden)	77,88	50
45133	Die Haftpflichtkasse	Einfach Gut	54,74	15
45133	Die Haftpflichtkasse	Einfach Besser	66,64	20
45133	Die Haftpflichtkasse	Einfach Besser Plus	73,78	50
45133	Die Haftpflichtkasse	Einfach Komplett	83,30	50
45133	ERGO	Privat-Haftpflichtversicherung	77,22	5
45133	ERGO	Privat-Haftpflichtversicherung	82,54	10
45133	ERGO	Privat-Haftpflichtversicherung	90,71	50
45133	ERGO	Premium Schutz	125,87	10
45133	ERGO	Premium Schutz	134,04	50
45133	Europa	Basis	37,76	5
45133	Europa	Komfort	52,23	10
45133	Europa	Premium	84,79	30
45133	Gothaer	Privathaftpflicht	42,11	10
45133	Gothaer	Top	72,39	20
45133	Gothaer	TopPlus	94,77	50
45133	GVO	VIT	42,48	5
45133	GVO	TOP-VIT	61,18	10
45133	GVO	TOP-VIT	76,68	20
45133	GVO	TOP-VIT mit Bestleistungs-Garantie	87,36	10
45133	GVO	TOP-VIT mit Bestleistungs-Garantie	92,15	20
45133	HanseMerkur	Premium	48,37	10
45133	HanseMerkur	Top	63,84	5
45133	HanseMerkur	Top	82,05	10
45133	HanseMerkur	Top	95,00	30
45133	Helvetia	Basisschutz	44,40	5
45133	Helvetia	Basisschutz	45,57	10
45133	Helvetia	Komfortschutz	54,01	5
45133	Helvetia	Komfortschutz	55,76	10
45133	Inter	Exklusiv	69,62	8
45133	Inter	Premium	78,18	10
45133	Interlloyd	PHV Eurosecure	59,50	10
45133	Interlloyd	PHV Premium	71,40	20
45133	Interrisk	Spezial (5 Jahre schadenfreie Vorversicherung)	59,38	7,5
45133	Janitos	Basic (5 Jahre ohne Vorschaden)	55,67	10
45133	Janitos	Balance (5 Jahre ohne Vorschaden)	61,08	20
45133	Janitos	Best Selection (5 Jahre ohne Vorschaden)	63,65	10
45133	Janitos	Best Selection (5 Jahre ohne Vorschaden)	66,34	20
45133	Janitos	Best Selection (5 Jahre ohne Vorschaden) mit Multi-Garantie	70,79	10
45133	Janitos	Best Selection (5 Jahre ohne Vorschaden) mit Multi-Garantie	73,48	20
45133	Medien	Standard	47,60	5
45133	Medien	Komfort	53,31	5
45133	Medien	Komfort	56,53	7,5
45133	Medien	Komfort	72,59	10
45133	Oberösterreichische	Komfortschutz (5 Jahre ohne Vorschaden)	30,87	5
45133	Oberösterreichische	Superschutz (5 Jahre ohne Vorschaden)	44,80	5
45133	Oberösterreichische	Superschutz (5 Jahre ohne Vorschaden)	53,31	10
45133	Prokundo	Komfort plus (5 Jahre ohne Vorschaden)	52,60	10
45133	Prokundo	Exklusiv plus (5 Jahre ohne Vorschaden)	67,95	15
45133	R+V	Privatschutz	93,06	15
45133	Rhion	Standard	48,15	5
45133	Rhion	Plus	61,19	5
45133	Rhion	Premium	71,85	10
45133	Rhion	Premium	75,85	20
45133	Schleswiger	Plus	54,19	5
45133	Schleswiger	Exklusiv	69,73	15
45133	Syncro24	BLUE LINE TIP	54,74	10
45133	Syncro24	BLUE LINE TOP	71,40	10
45133	VHV	Klassik-Garant	48,20	10
45133	VHV	Exklusiv	61,29	50
45133	VHV	Exklusiv mit Best-Leistungs-Garantie	75,57	50
45133	VOLKSWOHL BUND	KomfortPlus	91,63	10
37083	ADAC-Schutzbrief Versicherungs-AG	EXKLUSIV (nur ADAC Mitglieder)	55,00	10
37083	Adcuri	Basis	43,28	5
37083	Adcuri	Top	51,42	10
37083	Adcuri	Premium	73,84	10
37083	Adcuri	Premium	82,48	50
37083	AllSecur	Basis	45,91	6
37083	AllSecur	Komfort	52,01	12
37083	AllSecur	Premium	60,31	24
37083	ARAG	Basis	55,54	5
37083	ADAC-Schutzbrief Versicherungs-AG	EXKLUSIV (nur ADAC Mitglieder)	55,00	10
37083	Adcuri	Basis	43,28	5
37083	Adcuri	Top	51,42	10
37083	Adcuri	Premium	73,84	10
37083	Adcuri	Premium	82,48	50
37083	AllSecur	Basis	45,91	6
37083	AllSecur	Komfort	52,01	12
37083	AllSecur	Premium	60,31	24
37083	ARAG	Basis	55,54	5
37083	ARAG	Premium	119,25	50
37083	asspario	fair select (5 Jahre ohne Vorschaden)	44,13	10
37083	asspario	best select (5 Jahre ohne Vorschaden)	51,62	15
37083	asspario	top select (5 Jahre ohne Vorschaden)	72,17	50
37083	AXA	Alternativ S - (1 Jahr ohne Vorschaden)	32,89	5
37083	AXA	Alternativ M - (1 Jahr ohne Vorschaden)	37,89	20
37083	AXA	Alternativ M - (1 Jahr ohne Vorschaden)	42,89	20
37083	AXA	Alternativ M - (1 Jahr ohne Vorschaden)	52,89	20
37083	AXA	Alternativ L - (1 Jahr ohne Vorschaden)	64,50	50
37083	Baden-Badener	Eco	39,96	7,5
37083	Baden-Badener	Eco Plus	40,66	10
37083	Baden-Badener	Premium	51,40	10
37083	BarmeniaDirekt	Kompakt	37,01	5
37083	BarmeniaDirekt	Top	63,47	10
37083	BarmeniaDirekt	Top	72,01	50
37083	BarmeniaDirekt	Premium	85,68	10
37083	BarmeniaDirekt	Premium	94,21	50
37083	BavariaDirekt	Komfort S (5 Jahre ohne Vorschaden)	44,91	5
37083	BavariaDirekt	Komfort L (5 Jahre ohne Vorschaden)	54,67	30
37083	BGV / Badische Versicherungen	Basis	42,90	7,5
37083	BGV / Badische Versicherungen	Klassik	64,90	10
37083	BGV / Badische Versicherungen	Exklusiv	93,50	50
37083	Condor	Privatschutz	93,06	15
37083	Condor	Privatschutz Comfort	117,10	20
37083	DEVK Allgemeine	Komfort-Schutz	49,20	10
37083	DEVK Allgemeine	Premium-Schutz	70,80	20
37083	die Bayerische	Komfort (3 Jahre ohne Vorschaden)	54,39	15
37083	die Bayerische	Prestige (3 Jahre ohne Vorschaden)	77,88	50
37083	Die Haftpflichtkasse	Einfach Gut	54,74	15
37083	Die Haftpflichtkasse	Einfach Besser	66,64	20
37083	Die Haftpflichtkasse	Einfach Besser Plus	73,78	50
37083	Die Haftpflichtkasse	Einfach Komplett	83,30	50
37083	ERGO	Privat-Haftpflichtversicherung	77,22	5
37083	ERGO	Privat-Haftpflichtversicherung	82,54	10
37083	ERGO	Privat-Haftpflichtversicherung	90,71	50
37083	ERGO	Premium Schutz	125,87	10
37083	ERGO	Premium Schutz	134,04	50
37083	Europa	Basis	37,76	5
37083	Europa	Komfort	52,23	10
37083	Europa	Premium	84,79	30
37083	Gothaer	Privathaftpflicht	42,11	10
37083	Gothaer	Top	72,39	20
37083	Gothaer	TopPlus	94,77	50
37083	GVO	VIT	42,48	5
37083	GVO	TOP-VIT	61,18	10
37083	GVO	TOP-VIT	76,68	20
37083	GVO	TOP-VIT mit Bestleistungs-Garantie	87,36	10
37083	GVO	TOP-VIT mit Bestleistungs-Garantie	92,15	20
37083	HanseMerkur	Premium	48,37	10
37083	HanseMerkur	Top	63,84	5
37083	HanseMerkur	Top	82,05	10
37083	HanseMerkur	Top	95,00	30
37083	Helvetia	Basisschutz	44,40	5
37083	Helvetia	Basisschutz	45,57	10
37083	Helvetia	Komfortschutz	54,01	5
37083	Helvetia	Komfortschutz	55,76	10
37083	Inter	Exklusiv	69,62	8
37083	Inter	Premium	78,18	10
37083	Interlloyd	PHV Eurosecure	59,50	10
37083	Interlloyd	PHV Premium	71,40	20
37083	Interrisk	Spezial (5 Jahre schadenfreie Vorversicherung)	59,38	7,5
37083	Janitos	Basic (5 Jahre ohne Vorschaden)	55,67	10
37083	Janitos	Balance (5 Jahre ohne Vorschaden)	61,08	20
37083	Janitos	Best Selection (5 Jahre ohne Vorschaden)	63,65	10
37083	Janitos	Best Selection (5 Jahre ohne Vorschaden)	66,34	20
37083	Janitos	Best Selection (5 Jahre ohne Vorschaden) mit Multi-Garantie	70,79	10
37083	Janitos	Best Selection (5 Jahre ohne Vorschaden) mit Multi-Garantie	73,48	20
37083	Medien	Standard	47,60	5
37083	Medien	Komfort	53,31	5
37083	Medien	Komfort	56,53	7,5
37083	Medien	Komfort	72,59	10
37083	Oberösterreichische	Komfortschutz (5 Jahre ohne Vorschaden)	30,87	5
37083	Oberösterreichische	Superschutz (5 Jahre ohne Vorschaden)	44,80	5
37083	Oberösterreichische	Superschutz (5 Jahre ohne Vorschaden)	53,31	10
37083	Prokundo	Komfort plus (5 Jahre ohne Vorschaden)	52,60	10
37083	Prokundo	Exklusiv plus (5 Jahre ohne Vorschaden)	67,95	15
37083	R+V	Privatschutz	93,06	15
37083	Rhion	Standard	48,15	5
37083	Rhion	Plus	61,19	5
37083	Rhion	Premium	71,85	10
37083	Rhion	Premium	75,85	20
37083	Schleswiger	Plus	54,19	5
37083	Schleswiger	Exklusiv	69,73	15
37083	Syncro24	BLUE LINE TIP	54,74	10
37083	Syncro24	BLUE LINE TOP	71,40	10
37083	VHV	Klassik-Garant	48,20	10
37083	VHV	Exklusiv	61,29	50
37083	VHV	Exklusiv mit Best-Leistungs-Garantie	75,57	50
37083	VOLKSWOHL BUND	KomfortPlus	91,63	10
10997	ADAC-Schutzbrief Versicherungs-AG	EXKLUSIV (nur ADAC Mitglieder)	55,00	10
10997	Adcuri	Basis	43,28	5
10997	Adcuri	Top	51,42	10
10997	Adcuri	Premium	73,84	10
10997	Adcuri	Premium	82,48	50
10997	AllSecur	Basis	45,91	6
10997	AllSecur	Komfort	52,01	12
10997	AllSecur	Premium	60,31	24
10997	ARAG	Basis	55,54	5
10997	ADAC-Schutzbrief Versicherungs-AG	EXKLUSIV (nur ADAC Mitglieder)	55,00	10
10997	Adcuri	Basis	43,28	5
10997	Adcuri	Top	51,42	10
10997	Adcuri	Premium	73,84	10
10997	Adcuri	Premium	82,48	50
10997	AllSecur	Basis	45,91	6
10997	AllSecur	Komfort	52,01	12
10997	AllSecur	Premium	60,31	24
10997	ARAG	Basis	55,54	5
10997	ARAG	Premium	119,25	50
10997	asspario	fair select (5 Jahre ohne Vorschaden)	44,13	10
10997	asspario	best select (5 Jahre ohne Vorschaden)	51,62	15
10997	asspario	top select (5 Jahre ohne Vorschaden)	72,17	50
10997	AXA	Alternativ S - (1 Jahr ohne Vorschaden)	33,56	5
10997	AXA	Alternativ M - (1 Jahr ohne Vorschaden)	38,56	20
10997	AXA	Alternativ M - (1 Jahr ohne Vorschaden)	43,56	20
10997	AXA	Alternativ M - (1 Jahr ohne Vorschaden)	53,56	20
10997	AXA	Alternativ L - (1 Jahr ohne Vorschaden)	65,16	50
10997	Baden-Badener	Eco	39,96	7,5
10997	Baden-Badener	Eco Plus	40,66	10
10997	Baden-Badener	Premium	51,40	10
10997	BarmeniaDirekt	Kompakt	37,01	5
10997	BarmeniaDirekt	Top	63,47	10
10997	BarmeniaDirekt	Top	72,01	50
10997	BarmeniaDirekt	Premium	85,68	10
10997	BarmeniaDirekt	Premium	94,21	50
10997	BavariaDirekt	Komfort S (5 Jahre ohne Vorschaden)	44,91	5
10997	BavariaDirekt	Komfort L (5 Jahre ohne Vorschaden)	54,67	30
10997	BGV / Badische Versicherungen	Basis	42,90	7,5
10997	BGV / Badische Versicherungen	Klassik	64,90	10
10997	BGV / Badische Versicherungen	Exklusiv	93,50	50
10997	Condor	Privatschutz	93,06	15
10997	Condor	Privatschutz Comfort	117,10	20
10997	DEVK Allgemeine	Komfort-Schutz	49,20	10
10997	DEVK Allgemeine	Premium-Schutz	70,80	20
10997	die Bayerische	Komfort (3 Jahre ohne Vorschaden)	54,39	15
10997	die Bayerische	Prestige (3 Jahre ohne Vorschaden)	77,88	50
10997	Die Haftpflichtkasse	Einfach Gut	54,74	15
10997	Die Haftpflichtkasse	Einfach Besser	66,64	20
10997	Die Haftpflichtkasse	Einfach Besser Plus	73,78	50
10997	Die Haftpflichtkasse	Einfach Komplett	83,30	50
10997	ERGO	Privat-Haftpflichtversicherung	77,22	5
10997	ERGO	Privat-Haftpflichtversicherung	82,54	10
10997	ERGO	Privat-Haftpflichtversicherung	90,71	50
10997	ERGO	Premium Schutz	125,87	10
10997	ERGO	Premium Schutz	134,04	50
10997	Europa	Basis	37,76	5
10997	Europa	Komfort	52,23	10
10997	Europa	Premium	84,79	30
10997	Gothaer	Privathaftpflicht	42,11	10
10997	Gothaer	Top	72,39	20
10997	Gothaer	TopPlus	94,77	50
10997	GVO	VIT	42,48	5
10997	GVO	TOP-VIT	61,18	10
10997	GVO	TOP-VIT	76,68	20
10997	GVO	TOP-VIT mit Bestleistungs-Garantie	87,36	10
10997	GVO	TOP-VIT mit Bestleistungs-Garantie	92,15	20
10997	HanseMerkur	Premium	48,37	10
10997	HanseMerkur	Top	63,84	5
10997	HanseMerkur	Top	82,05	10
10997	HanseMerkur	Top	95,00	30
10997	Helvetia	Basisschutz	44,40	5
10997	Helvetia	Basisschutz	45,57	10
10997	Helvetia	Komfortschutz	54,01	5
10997	Helvetia	Komfortschutz	55,76	10
10997	Inter	Exklusiv	69,62	8
10997	Inter	Premium	78,18	10
10997	Interlloyd	PHV Eurosecure	59,50	10
10997	Interlloyd	PHV Premium	71,40	20
10997	Interrisk	Spezial (5 Jahre schadenfreie Vorversicherung)	59,38	7,5
10997	Janitos	Basic (5 Jahre ohne Vorschaden)	55,67	10
10997	Janitos	Balance (5 Jahre ohne Vorschaden)	61,08	20
10997	Janitos	Best Selection (5 Jahre ohne Vorschaden)	63,65	10
10997	Janitos	Best Selection (5 Jahre ohne Vorschaden)	66,34	20
10997	Janitos	Best Selection (5 Jahre ohne Vorschaden) mit Multi-Garantie	70,79	10
10997	Janitos	Best Selection (5 Jahre ohne Vorschaden) mit Multi-Garantie	73,48	20
10997	Medien	Standard	47,60	5
10997	Medien	Komfort	53,31	5
10997	Medien	Komfort	56,53	7,5
10997	Medien	Komfort	72,59	10
10997	Oberösterreichische	Komfortschutz (5 Jahre ohne Vorschaden)	30,87	5
10997	Oberösterreichische	Superschutz (5 Jahre ohne Vorschaden)	44,80	5
10997	Oberösterreichische	Superschutz (5 Jahre ohne Vorschaden)	53,31	10
10997	Prokundo	Komfort plus (5 Jahre ohne Vorschaden)	52,60	10
10997	Prokundo	Exklusiv plus (5 Jahre ohne Vorschaden)	67,95	15
10997	R+V	Privatschutz	93,06	15
10997	Rhion	Standard	48,15	5
10997	Rhion	Plus	61,19	5
10997	Rhion	Premium	71,85	10
10997	Rhion	Premium	75,85	20
10997	Schleswiger	Plus	54,19	5
10997	Schleswiger	Exklusiv	69,73	15
10997	Syncro24	BLUE LINE TIP	54,74	10
10997	Syncro24	BLUE LINE TOP	71,40	10
10997	VHV	Klassik-Garant	48,20	10
10997	VHV	Exklusiv	61,29	50
10997	VHV	Exklusiv mit Best-Leistungs-Garantie	75,57	50
10997	VOLKSWOHL BUND	KomfortPlus	91,63	10
21073	ADAC-Schutzbrief Versicherungs-AG	EXKLUSIV (nur ADAC Mitglieder)	55,00	10
21073	Adcuri	Basis	43,28	5
21073	Adcuri	Top	51,42	10
21073	Adcuri	Premium	73,84	10
21073	Adcuri	Premium	82,48	50
21073	AllSecur	Basis	45,91	6
21073	AllSecur	Komfort	52,01	12
21073	AllSecur	Premium	60,31	24
21073	ARAG	Basis	55,54	5
21073	ADAC-Schutzbrief Versicherungs-AG	EXKLUSIV (nur ADAC Mitglieder)	55,00	10
21073	Adcuri	Basis	43,28	5
21073	Adcuri	Top	51,42	10
21073	Adcuri	Premium	73,84	10
21073	Adcuri	Premium	82,48	50
21073	AllSecur	Basis	45,91	6
21073	AllSecur	Komfort	52,01	12
21073	AllSecur	Premium	60,31	24
21073	ARAG	Basis	55,54	5
21073	ARAG	Premium	119,25	50
21073	asspario	fair select (5 Jahre ohne Vorschaden)	44,13	10
21073	asspario	best select (5 Jahre ohne Vorschaden)	51,62	15
21073	asspario	top select (5 Jahre ohne Vorschaden)	72,17	50
21073	AXA	Alternativ S - (1 Jahr ohne Vorschaden)	32,57	5
21073	AXA	Alternativ M - (1 Jahr ohne Vorschaden)	37,57	20
21073	AXA	Alternativ M - (1 Jahr ohne Vorschaden)	42,57	20
21073	AXA	Alternativ M - (1 Jahr ohne Vorschaden)	52,57	20
21073	AXA	Alternativ L - (1 Jahr ohne Vorschaden)	64,18	50
21073	Baden-Badener	Eco	39,96	7,5
21073	Baden-Badener	Eco Plus	40,66	10
21073	Baden-Badener	Premium	51,40	10
21073	BarmeniaDirekt	Kompakt	37,01	5
21073	BarmeniaDirekt	Top	63,47	10
21073	BarmeniaDirekt	Top	72,01	50
21073	BarmeniaDirekt	Premium	85,68	10
21073	BarmeniaDirekt	Premium	94,21	50
21073	BavariaDirekt	Komfort S (5 Jahre ohne Vorschaden)	44,91	5
21073	BavariaDirekt	Komfort L (5 Jahre ohne Vorschaden)	54,67	30
21073	BGV / Badische Versicherungen	Basis	42,90	7,5
21073	BGV / Badische Versicherungen	Klassik	64,90	10
21073	BGV / Badische Versicherungen	Exklusiv	93,50	50
21073	Condor	Privatschutz	93,06	15
21073	Condor	Privatschutz Comfort	117,10	20
21073	DEVK Allgemeine	Komfort-Schutz	49,20	10
21073	DEVK Allgemeine	Premium-Schutz	70,80	20
21073	die Bayerische	Komfort (3 Jahre ohne Vorschaden)	54,39	15
21073	die Bayerische	Prestige (3 Jahre ohne Vorschaden)	77,88	50
21073	Die Haftpflichtkasse	Einfach Gut	54,74	15
21073	Die Haftpflichtkasse	Einfach Besser	66,64	20
21073	Die Haftpflichtkasse	Einfach Besser Plus	73,78	50
21073	Die Haftpflichtkasse	Einfach Komplett	83,30	50
21073	ERGO	Privat-Haftpflichtversicherung	77,22	5
21073	ERGO	Privat-Haftpflichtversicherung	82,54	10
21073	ERGO	Privat-Haftpflichtversicherung	90,71	50
21073	ERGO	Premium Schutz	125,87	10
21073	ERGO	Premium Schutz	134,04	50
21073	Europa	Basis	37,76	5
21073	Europa	Komfort	52,23	10
21073	Europa	Premium	84,79	30
21073	Gothaer	Privathaftpflicht	42,11	10
21073	Gothaer	Top	72,39	20
21073	Gothaer	TopPlus	94,77	50
21073	GVO	VIT	42,48	5
21073	GVO	TOP-VIT	61,18	10
21073	GVO	TOP-VIT	76,68	20
21073	GVO	TOP-VIT mit Bestleistungs-Garantie	87,36	10
21073	GVO	TOP-VIT mit Bestleistungs-Garantie	92,15	20
21073	HanseMerkur	Premium	48,37	10
21073	HanseMerkur	Top	63,84	5
21073	HanseMerkur	Top	82,05	10
21073	HanseMerkur	Top	95,00	30
21073	Helvetia	Basisschutz	44,40	5
21073	Helvetia	Basisschutz	45,57	10
21073	Helvetia	Komfortschutz	54,01	5
21073	Helvetia	Komfortschutz	55,76	10
21073	Inter	Exklusiv	69,62	8
21073	Inter	Premium	78,18	10
21073	Interlloyd	PHV Eurosecure	59,50	10
21073	Interlloyd	PHV Premium	71,40	20
21073	Interrisk	Spezial (5 Jahre schadenfreie Vorversicherung)	59,38	7,5
21073	Janitos	Basic (5 Jahre ohne Vorschaden)	55,67	10
21073	Janitos	Balance (5 Jahre ohne Vorschaden)	61,08	20
21073	Janitos	Best Selection (5 Jahre ohne Vorschaden)	63,65	10
21073	Janitos	Best Selection (5 Jahre ohne Vorschaden)	66,34	20
21073	Janitos	Best Selection (5 Jahre ohne Vorschaden) mit Multi-Garantie	70,79	10
21073	Janitos	Best Selection (5 Jahre ohne Vorschaden) mit Multi-Garantie	73,48	20
21073	Medien	Standard	47,60	5
21073	Medien	Komfort	53,31	5
21073	Medien	Komfort	56,53	7,5
21073	Medien	Komfort	72,59	10
21073	Oberösterreichische	Komfortschutz (5 Jahre ohne Vorschaden)	30,87	5
21073	Oberösterreichische	Superschutz (5 Jahre ohne Vorschaden)	44,80	5
21073	Oberösterreichische	Superschutz (5 Jahre ohne Vorschaden)	53,31	10
21073	Prokundo	Komfort plus (5 Jahre ohne Vorschaden)	52,60	10
21073	Prokundo	Exklusiv plus (5 Jahre ohne Vorschaden)	67,95	15
21073	R+V	Privatschutz	93,06	15
21073	Rhion	Standard	48,15	5
21073	Rhion	Plus	61,19	5
21073	Rhion	Premium	71,85	10
21073	Rhion	Premium	75,85	20
21073	Schleswiger	Plus	54,19	5
21073	Schleswiger	Exklusiv	69,73	15
21073	Syncro24	BLUE LINE TIP	54,74	10
21073	Syncro24	BLUE LINE TOP	71,40	10
21073	VHV	Klassik-Garant	48,20	10
21073	VHV	Exklusiv	61,29	50
21073	VHV	Exklusiv mit Best-Leistungs-Garantie	75,57	50
21073	VOLKSWOHL BUND	KomfortPlus	91,63	10
22089	ADAC-Schutzbrief Versicherungs-AG	EXKLUSIV (nur ADAC Mitglieder)	55,00	10
22089	Adcuri	Basis	43,28	5
22089	Adcuri	Top	51,42	10
22089	Adcuri	Premium	73,84	10
22089	Adcuri	Premium	82,48	50
22089	AllSecur	Basis	39,10	6
22089	AllSecur	Komfort	47,50	12
22089	AllSecur	Premium	56,07	24
22089	ARAG	Basis	55,54	5
22089	ADAC-Schutzbrief Versicherungs-AG	EXKLUSIV (nur ADAC Mitglieder)	55,00	10
22089	Adcuri	Basis	43,28	5
22089	Adcuri	Top	51,42	10
22089	Adcuri	Premium	73,84	10
22089	Adcuri	Premium	82,48	50
22089	AllSecur	Basis	39,10	6
22089	AllSecur	Komfort	47,50	12
22089	AllSecur	Premium	56,07	24
22089	ARAG	Basis	55,54	5
22089	ARAG	Premium	119,25	50
22089	asspario	fair select (5 Jahre ohne Vorschaden)	44,13	10
22089	asspario	best select (5 Jahre ohne Vorschaden)	51,62	15
22089	asspario	top select (5 Jahre ohne Vorschaden)	72,17	50
22089	AXA	Alternativ S - (1 Jahr ohne Vorschaden)	32,57	5
22089	AXA	Alternativ M - (1 Jahr ohne Vorschaden)	37,57	20
22089	AXA	Alternativ M - (1 Jahr ohne Vorschaden)	42,57	20
22089	AXA	Alternativ M - (1 Jahr ohne Vorschaden)	52,57	20
22089	AXA	Alternativ L - (1 Jahr ohne Vorschaden)	64,18	50
22089	Baden-Badener	Eco	39,96	7,5
22089	Baden-Badener	Eco Plus	40,66	10
22089	Baden-Badener	Premium	51,40	10
22089	BarmeniaDirekt	Kompakt	37,01	5
22089	BarmeniaDirekt	Top	63,47	10
22089	BarmeniaDirekt	Top	72,01	50
22089	BarmeniaDirekt	Premium	85,68	10
22089	BarmeniaDirekt	Premium	94,21	50
22089	BavariaDirekt	Komfort S (5 Jahre ohne Vorschaden)	44,91	5
22089	BavariaDirekt	Komfort L (5 Jahre ohne Vorschaden)	54,67	30
22089	BGV / Badische Versicherungen	Basis	42,90	7,5
22089	BGV / Badische Versicherungen	Klassik	64,90	10
22089	BGV / Badische Versicherungen	Exklusiv	93,50	50
22089	Condor	Privatschutz	93,06	15
22089	Condor	Privatschutz Comfort	117,10	20
22089	DEVK Allgemeine	Komfort-Schutz	49,20	10
22089	DEVK Allgemeine	Premium-Schutz	70,80	20
22089	die Bayerische	Komfort (3 Jahre ohne Vorschaden)	54,39	15
22089	die Bayerische	Prestige (3 Jahre ohne Vorschaden)	77,88	50
22089	Die Haftpflichtkasse	Einfach Gut	54,74	15
22089	Die Haftpflichtkasse	Einfach Besser	66,64	20
22089	Die Haftpflichtkasse	Einfach Besser Plus	73,78	50
22089	Die Haftpflichtkasse	Einfach Komplett	83,30	50
22089	ERGO	Privat-Haftpflichtversicherung	77,22	5
22089	ERGO	Privat-Haftpflichtversicherung	82,54	10
22089	ERGO	Privat-Haftpflichtversicherung	90,71	50
22089	ERGO	Premium Schutz	125,87	10
22089	ERGO	Premium Schutz	134,04	50
22089	Europa	Basis	37,76	5
22089	Europa	Komfort	52,23	10
22089	Europa	Premium	84,79	30
22089	Gothaer	Privathaftpflicht	42,11	10
22089	Gothaer	Top	72,39	20
22089	Gothaer	TopPlus	94,77	50
22089	GVO	VIT	42,48	5
22089	GVO	TOP-VIT	61,18	10
22089	GVO	TOP-VIT	76,68	20
22089	GVO	TOP-VIT mit Bestleistungs-Garantie	87,36	10
22089	GVO	TOP-VIT mit Bestleistungs-Garantie	92,15	20
22089	HanseMerkur	Premium	48,37	10
22089	HanseMerkur	Top	63,84	5
22089	HanseMerkur	Top	82,05	10
22089	HanseMerkur	Top	95,00	30
22089	Helvetia	Basisschutz	44,40	5
22089	Helvetia	Basisschutz	45,57	10
22089	Helvetia	Komfortschutz	54,01	5
22089	Helvetia	Komfortschutz	55,76	10
22089	Inter	Exklusiv	69,62	8
22089	Inter	Premium	78,18	10
22089	Interlloyd	PHV Eurosecure	59,50	10
22089	Interlloyd	PHV Premium	71,40	20
22089	Interrisk	Spezial (5 Jahre schadenfreie Vorversicherung)	59,38	7,5
22089	Janitos	Basic (5 Jahre ohne Vorschaden)	55,67	10
22089	Janitos	Balance (5 Jahre ohne Vorschaden)	61,08	20
22089	Janitos	Best Selection (5 Jahre ohne Vorschaden)	63,65	10
22089	Janitos	Best Selection (5 Jahre ohne Vorschaden)	66,34	20
22089	Janitos	Best Selection (5 Jahre ohne Vorschaden) mit Multi-Garantie	70,79	10
22089	Janitos	Best Selection (5 Jahre ohne Vorschaden) mit Multi-Garantie	73,48	20
22089	Medien	Standard	47,60	5
22089	Medien	Komfort	53,31	5
22089	Medien	Komfort	56,53	7,5
22089	Medien	Komfort	72,59	10
22089	Oberösterreichische	Komfortschutz (5 Jahre ohne Vorschaden)	30,87	5
22089	Oberösterreichische	Superschutz (5 Jahre ohne Vorschaden)	44,80	5
22089	Oberösterreichische	Superschutz (5 Jahre ohne Vorschaden)	53,31	10
22089	Prokundo	Komfort plus (5 Jahre ohne Vorschaden)	52,60	10
22089	Prokundo	Exklusiv plus (5 Jahre ohne Vorschaden)	67,95	15
22089	R+V	Privatschutz	93,06	15
22089	Rhion	Standard	48,15	5
22089	Rhion	Plus	61,19	5
22089	Rhion	Premium	71,85	10
22089	Rhion	Premium	75,85	20
22089	Schleswiger	Plus	54,19	5
22089	Schleswiger	Exklusiv	69,73	15
22089	Syncro24	BLUE LINE TIP	54,74	10
22089	Syncro24	BLUE LINE TOP	71,40	10
22089	VHV	Klassik-Garant	48,20	10
22089	VHV	Exklusiv	61,29	50
22089	VHV	Exklusiv mit Best-Leistungs-Garantie	75,57	50
22089	VOLKSWOHL BUND	KomfortPlus	91,63	10
20357	ADAC-Schutzbrief Versicherungs-AG	EXKLUSIV (nur ADAC Mitglieder)	55,00	10
20357	Adcuri	Basis	43,28	5
20357	Adcuri	Top	51,42	10
20357	Adcuri	Premium	73,84	10
20357	Adcuri	Premium	82,48	50
20357	AllSecur	Basis	45,91	6
20357	AllSecur	Komfort	52,01	12
20357	AllSecur	Premium	60,31	24
20357	ARAG	Basis	55,54	5
20357	ADAC-Schutzbrief Versicherungs-AG	EXKLUSIV (nur ADAC Mitglieder)	55,00	10
20357	Adcuri	Basis	43,28	5
20357	Adcuri	Top	51,42	10
20357	Adcuri	Premium	73,84	10
20357	Adcuri	Premium	82,48	50
20357	AllSecur	Basis	45,91	6
20357	AllSecur	Komfort	52,01	12
20357	AllSecur	Premium	60,31	24
20357	ARAG	Basis	55,54	5
20357	ARAG	Premium	119,25	50
20357	asspario	fair select (5 Jahre ohne Vorschaden)	44,13	10
20357	asspario	best select (5 Jahre ohne Vorschaden)	51,62	15
20357	asspario	top select (5 Jahre ohne Vorschaden)	72,17	50
20357	AXA	Alternativ S - (1 Jahr ohne Vorschaden)	33,56	5
20357	AXA	Alternativ M - (1 Jahr ohne Vorschaden)	38,56	20
20357	AXA	Alternativ M - (1 Jahr ohne Vorschaden)	43,56	20
20357	AXA	Alternativ M - (1 Jahr ohne Vorschaden)	53,56	20
20357	AXA	Alternativ L - (1 Jahr ohne Vorschaden)	65,16	50
20357	Baden-Badener	Eco	39,96	7,5
20357	Baden-Badener	Eco Plus	40,66	10
20357	Baden-Badener	Premium	51,40	10
20357	BarmeniaDirekt	Kompakt	37,01	5
20357	BarmeniaDirekt	Top	63,47	10
20357	BarmeniaDirekt	Top	72,01	50
20357	BarmeniaDirekt	Premium	85,68	10
20357	BarmeniaDirekt	Premium	94,21	50
20357	BavariaDirekt	Komfort S (5 Jahre ohne Vorschaden)	44,91	5
20357	BavariaDirekt	Komfort L (5 Jahre ohne Vorschaden)	54,67	30
20357	BGV / Badische Versicherungen	Basis	42,90	7,5
20357	BGV / Badische Versicherungen	Klassik	64,90	10
20357	BGV / Badische Versicherungen	Exklusiv	93,50	50
20357	Condor	Privatschutz	93,06	15
20357	Condor	Privatschutz Comfort	117,10	20
20357	DEVK Allgemeine	Komfort-Schutz	49,20	10
20357	DEVK Allgemeine	Premium-Schutz	70,80	20
20357	die Bayerische	Komfort (3 Jahre ohne Vorschaden)	54,39	15
20357	die Bayerische	Prestige (3 Jahre ohne Vorschaden)	77,88	50
20357	Die Haftpflichtkasse	Einfach Gut	54,74	15
20357	Die Haftpflichtkasse	Einfach Besser	66,64	20
20357	Die Haftpflichtkasse	Einfach Besser Plus	73,78	50
20357	Die Haftpflichtkasse	Einfach Komplett	83,30	50
20357	ERGO	Privat-Haftpflichtversicherung	77,22	5
20357	ERGO	Privat-Haftpflichtversicherung	82,54	10
20357	ERGO	Privat-Haftpflichtversicherung	90,71	50
20357	ERGO	Premium Schutz	125,87	10
20357	ERGO	Premium Schutz	134,04	50
20357	Europa	Basis	37,76	5
20357	Europa	Komfort	52,23	10
20357	Europa	Premium	84,79	30
20357	Gothaer	Privathaftpflicht	42,11	10
20357	Gothaer	Top	72,39	20
20357	Gothaer	TopPlus	94,77	50
20357	GVO	VIT	42,48	5
20357	GVO	TOP-VIT	61,18	10
20357	GVO	TOP-VIT	76,68	20
20357	GVO	TOP-VIT mit Bestleistungs-Garantie	87,36	10
20357	GVO	TOP-VIT mit Bestleistungs-Garantie	92,15	20
20357	HanseMerkur	Premium	48,37	10
20357	HanseMerkur	Top	63,84	5
20357	HanseMerkur	Top	82,05	10
20357	HanseMerkur	Top	95,00	30
20357	Helvetia	Basisschutz	44,40	5
20357	Helvetia	Basisschutz	45,57	10
20357	Helvetia	Komfortschutz	54,01	5
20357	Helvetia	Komfortschutz	55,76	10
20357	Inter	Exklusiv	69,62	8
20357	Inter	Premium	78,18	10
20357	Interlloyd	PHV Eurosecure	59,50	10
20357	Interlloyd	PHV Premium	71,40	20
20357	Interrisk	Spezial (5 Jahre schadenfreie Vorversicherung)	59,38	7,5
20357	Janitos	Basic (5 Jahre ohne Vorschaden)	55,67	10
20357	Janitos	Balance (5 Jahre ohne Vorschaden)	61,08	20
20357	Janitos	Best Selection (5 Jahre ohne Vorschaden)	63,65	10
20357	Janitos	Best Selection (5 Jahre ohne Vorschaden)	66,34	20
20357	Janitos	Best Selection (5 Jahre ohne Vorschaden) mit Multi-Garantie	70,79	10
20357	Janitos	Best Selection (5 Jahre ohne Vorschaden) mit Multi-Garantie	73,48	20
20357	Medien	Standard	47,60	5
20357	Medien	Komfort	53,31	5
20357	Medien	Komfort	56,53	7,5
20357	Medien	Komfort	72,59	10
20357	Oberösterreichische	Komfortschutz (5 Jahre ohne Vorschaden)	30,87	5
20357	Oberösterreichische	Superschutz (5 Jahre ohne Vorschaden)	44,80	5
20357	Oberösterreichische	Superschutz (5 Jahre ohne Vorschaden)	53,31	10
20357	Prokundo	Komfort plus (5 Jahre ohne Vorschaden)	52,60	10
20357	Prokundo	Exklusiv plus (5 Jahre ohne Vorschaden)	67,95	15
20357	R+V	Privatschutz	93,06	15
20357	Rhion	Standard	48,15	5
20357	Rhion	Plus	61,19	5
20357	Rhion	Premium	71,85	10
20357	Rhion	Premium	75,85	20
20357	Schleswiger	Plus	54,19	5
20357	Schleswiger	Exklusiv	69,73	15
20357	Syncro24	BLUE LINE TIP	54,74	10
20357	Syncro24	BLUE LINE TOP	71,40	10
20357	VHV	Klassik-Garant	48,20	10
20357	VHV	Exklusiv	61,29	50
20357	VHV	Exklusiv mit Best-Leistungs-Garantie	75,57	50
20357	VOLKSWOHL BUND	KomfortPlus	91,63	10
72336	ADAC-Schutzbrief Versicherungs-AG	EXKLUSIV (nur ADAC Mitglieder)	55,00	10
72336	Adcuri	Basis	43,28	5
72336	Adcuri	Top	51,42	10
72336	Adcuri	Premium	73,84	10
72336	Adcuri	Premium	82,48	50
72336	AllSecur	Basis	39,10	6
72336	AllSecur	Komfort	47,50	12
72336	AllSecur	Premium	56,07	24
72336	ARAG	Basis	55,54	5
72336	ADAC-Schutzbrief Versicherungs-AG	EXKLUSIV (nur ADAC Mitglieder)	55,00	10
72336	Adcuri	Basis	43,28	5
72336	Adcuri	Top	51,42	10
72336	Adcuri	Premium	73,84	10
72336	Adcuri	Premium	82,48	50
72336	AllSecur	Basis	39,10	6
72336	AllSecur	Komfort	47,50	12
72336	AllSecur	Premium	56,07	24
72336	ARAG	Basis	55,54	5
72336	ARAG	Premium	119,25	50
72336	asspario	fair select (5 Jahre ohne Vorschaden)	44,13	10
72336	asspario	best select (5 Jahre ohne Vorschaden)	51,62	15
72336	asspario	top select (5 Jahre ohne Vorschaden)	72,17	50
72336	AXA	Alternativ S - (1 Jahr ohne Vorschaden)	35,28	5
72336	AXA	Alternativ M - (1 Jahr ohne Vorschaden)	40,28	20
72336	AXA	Alternativ M - (1 Jahr ohne Vorschaden)	45,28	20
72336	AXA	Alternativ M - (1 Jahr ohne Vorschaden)	55,28	20
72336	AXA	Alternativ L - (1 Jahr ohne Vorschaden)	66,89	50
72336	Baden-Badener	Eco	39,96	7,5
72336	Baden-Badener	Eco Plus	40,66	10
72336	Baden-Badener	Premium	51,40	10
72336	BarmeniaDirekt	Kompakt	37,01	5
72336	BarmeniaDirekt	Top	63,47	10
72336	BarmeniaDirekt	Top	72,01	50
72336	BarmeniaDirekt	Premium	85,68	10
72336	BarmeniaDirekt	Premium	94,21	50
72336	BavariaDirekt	Komfort S (5 Jahre ohne Vorschaden)	44,91	5
72336	BavariaDirekt	Komfort L (5 Jahre ohne Vorschaden)	54,67	30
72336	BGV / Badische Versicherungen	Basis	42,90	7,5
72336	BGV / Badische Versicherungen	Klassik	64,90	10
72336	BGV / Badische Versicherungen	Exklusiv	93,50	50
72336	Condor	Privatschutz	93,06	15
72336	Condor	Privatschutz Comfort	117,10	20
72336	DEVK Allgemeine	Komfort-Schutz	49,20	10
72336	DEVK Allgemeine	Premium-Schutz	70,80	20
72336	die Bayerische	Komfort (3 Jahre ohne Vorschaden)	54,39	15
72336	die Bayerische	Prestige (3 Jahre ohne Vorschaden)	77,88	50
72336	Die Haftpflichtkasse	Einfach Gut	54,74	15
72336	Die Haftpflichtkasse	Einfach Besser	66,64	20
72336	Die Haftpflichtkasse	Einfach Besser Plus	73,78	50
72336	Die Haftpflichtkasse	Einfach Komplett	83,30	50
72336	ERGO	Privat-Haftpflichtversicherung	77,22	5
72336	ERGO	Privat-Haftpflichtversicherung	82,54	10
72336	ERGO	Privat-Haftpflichtversicherung	90,71	50
72336	ERGO	Premium Schutz	125,87	10
72336	ERGO	Premium Schutz	134,04	50
72336	Europa	Basis	37,76	5
72336	Europa	Komfort	52,23	10
72336	Europa	Premium	84,79	30
72336	Gothaer	Privathaftpflicht	42,11	10
72336	Gothaer	Top	72,39	20
72336	Gothaer	TopPlus	94,77	50
72336	GVO	VIT	42,48	5
72336	GVO	TOP-VIT	61,18	10
72336	GVO	TOP-VIT	76,68	20
72336	GVO	TOP-VIT mit Bestleistungs-Garantie	87,36	10
72336	GVO	TOP-VIT mit Bestleistungs-Garantie	92,15	20
72336	HanseMerkur	Premium	48,37	10
72336	HanseMerkur	Top	63,84	5
72336	HanseMerkur	Top	82,05	10
72336	HanseMerkur	Top	95,00	30
72336	Helvetia	Basisschutz	44,40	5
72336	Helvetia	Basisschutz	45,57	10
72336	Helvetia	Komfortschutz	54,01	5
72336	Helvetia	Komfortschutz	55,76	10
72336	Inter	Exklusiv	69,62	8
72336	Inter	Premium	78,18	10
72336	Interlloyd	PHV Eurosecure	59,50	10
72336	Interlloyd	PHV Premium	71,40	20
72336	Interrisk	Spezial (5 Jahre schadenfreie Vorversicherung)	59,38	7,5
72336	Janitos	Basic (5 Jahre ohne Vorschaden)	55,67	10
72336	Janitos	Balance (5 Jahre ohne Vorschaden)	61,08	20
72336	Janitos	Best Selection (5 Jahre ohne Vorschaden)	63,65	10
72336	Janitos	Best Selection (5 Jahre ohne Vorschaden)	66,34	20
72336	Janitos	Best Selection (5 Jahre ohne Vorschaden) mit Multi-Garantie	70,79	10
72336	Janitos	Best Selection (5 Jahre ohne Vorschaden) mit Multi-Garantie	73,48	20
72336	Medien	Standard	47,60	5
72336	Medien	Komfort	53,31	5
72336	Medien	Komfort	56,53	7,5
72336	Medien	Komfort	72,59	10
72336	Oberösterreichische	Komfortschutz (5 Jahre ohne Vorschaden)	30,87	5
72336	Oberösterreichische	Superschutz (5 Jahre ohne Vorschaden)	44,80	5
72336	Oberösterreichische	Superschutz (5 Jahre ohne Vorschaden)	53,31	10
72336	Prokundo	Komfort plus (5 Jahre ohne Vorschaden)	52,60	10
72336	Prokundo	Exklusiv plus (5 Jahre ohne Vorschaden)	67,95	15
72336	R+V	Privatschutz	93,06	15
72336	Rhion	Standard	48,15	5
72336	Rhion	Plus	61,19	5
72336	Rhion	Premium	71,85	10
72336	Rhion	Premium	75,85	20
72336	Schleswiger	Plus	54,19	5
72336	Schleswiger	Exklusiv	69,73	15
72336	Syncro24	BLUE LINE TIP	54,74	10
72336	Syncro24	BLUE LINE TOP	71,40	10
72336	VHV	Klassik-Garant	48,20	10
72336	VHV	Exklusiv	61,29	50
72336	VHV	Exklusiv mit Best-Leistungs-Garantie	75,57	50
72336	VOLKSWOHL BUND	KomfortPlus	91,63	10
65189	ADAC-Schutzbrief Versicherungs-AG	EXKLUSIV (nur ADAC Mitglieder)	55,00	10
65189	Adcuri	Basis	43,28	5
65189	Adcuri	Top	51,42	10
65189	Adcuri	Premium	73,84	10
65189	Adcuri	Premium	82,48	50
65189	AllSecur	Basis	45,91	6
65189	AllSecur	Komfort	52,01	12
65189	AllSecur	Premium	60,31	24
65189	ARAG	Basis	55,54	5
65189	ADAC-Schutzbrief Versicherungs-AG	EXKLUSIV (nur ADAC Mitglieder)	55,00	10
65189	Adcuri	Basis	43,28	5
65189	Adcuri	Top	51,42	10
65189	Adcuri	Premium	73,84	10
65189	Adcuri	Premium	82,48	50
65189	AllSecur	Basis	45,91	6
65189	AllSecur	Komfort	52,01	12
65189	AllSecur	Premium	60,31	24
65189	ARAG	Basis	55,54	5
65189	ARAG	Premium	119,25	50
65189	asspario	fair select (5 Jahre ohne Vorschaden)	44,13	10
65189	asspario	best select (5 Jahre ohne Vorschaden)	51,62	15
65189	asspario	top select (5 Jahre ohne Vorschaden)	72,17	50
65189	AXA	Alternativ S - (1 Jahr ohne Vorschaden)	32,57	5
65189	AXA	Alternativ M - (1 Jahr ohne Vorschaden)	37,57	20
65189	AXA	Alternativ M - (1 Jahr ohne Vorschaden)	42,57	20
65189	AXA	Alternativ M - (1 Jahr ohne Vorschaden)	52,57	20
65189	AXA	Alternativ L - (1 Jahr ohne Vorschaden)	64,18	50
65189	Baden-Badener	Eco	39,96	7,5
65189	Baden-Badener	Eco Plus	40,66	10
65189	Baden-Badener	Premium	51,40	10
65189	BarmeniaDirekt	Kompakt	37,01	5
65189	BarmeniaDirekt	Top	63,47	10
65189	BarmeniaDirekt	Top	72,01	50
65189	BarmeniaDirekt	Premium	85,68	10
65189	BarmeniaDirekt	Premium	94,21	50
65189	BavariaDirekt	Komfort S (5 Jahre ohne Vorschaden)	44,91	5
65189	BavariaDirekt	Komfort L (5 Jahre ohne Vorschaden)	54,67	30
65189	BGV / Badische Versicherungen	Basis	42,90	7,5
65189	BGV / Badische Versicherungen	Klassik	64,90	10
65189	BGV / Badische Versicherungen	Exklusiv	93,50	50
65189	Condor	Privatschutz	93,06	15
65189	Condor	Privatschutz Comfort	117,10	20
65189	DEVK Allgemeine	Komfort-Schutz	49,20	10
65189	DEVK Allgemeine	Premium-Schutz	70,80	20
65189	die Bayerische	Komfort (3 Jahre ohne Vorschaden)	54,39	15
65189	die Bayerische	Prestige (3 Jahre ohne Vorschaden)	77,88	50
65189	Die Haftpflichtkasse	Einfach Gut	54,74	15
65189	Die Haftpflichtkasse	Einfach Besser	66,64	20
65189	Die Haftpflichtkasse	Einfach Besser Plus	73,78	50
65189	Die Haftpflichtkasse	Einfach Komplett	83,30	50
65189	ERGO	Privat-Haftpflichtversicherung	77,22	5
65189	ERGO	Privat-Haftpflichtversicherung	82,54	10
65189	ERGO	Privat-Haftpflichtversicherung	90,71	50
65189	ERGO	Premium Schutz	125,87	10
65189	ERGO	Premium Schutz	134,04	50
65189	Europa	Basis	37,76	5
65189	Europa	Komfort	52,23	10
65189	Europa	Premium	84,79	30
65189	Gothaer	Privathaftpflicht	42,11	10
65189	Gothaer	Top	72,39	20
65189	Gothaer	TopPlus	94,77	50
65189	GVO	VIT	42,48	5
65189	GVO	TOP-VIT	61,18	10
65189	GVO	TOP-VIT	76,68	20
65189	GVO	TOP-VIT mit Bestleistungs-Garantie	87,36	10
65189	GVO	TOP-VIT mit Bestleistungs-Garantie	92,15	20
65189	HanseMerkur	Premium	48,37	10
65189	HanseMerkur	Top	63,84	5
65189	HanseMerkur	Top	82,05	10
65189	HanseMerkur	Top	95,00	30
65189	Helvetia	Basisschutz	44,40	5
65189	Helvetia	Basisschutz	45,57	10
65189	Helvetia	Komfortschutz	54,01	5
65189	Helvetia	Komfortschutz	55,76	10
65189	Inter	Exklusiv	69,62	8
65189	Inter	Premium	78,18	10
65189	Interlloyd	PHV Eurosecure	59,50	10
65189	Interlloyd	PHV Premium	71,40	20
65189	Interrisk	Spezial (5 Jahre schadenfreie Vorversicherung)	59,38	7,5
65189	Janitos	Basic (5 Jahre ohne Vorschaden)	55,67	10
65189	Janitos	Balance (5 Jahre ohne Vorschaden)	61,08	20
65189	Janitos	Best Selection (5 Jahre ohne Vorschaden)	63,65	10
65189	Janitos	Best Selection (5 Jahre ohne Vorschaden)	66,34	20
65189	Janitos	Best Selection (5 Jahre ohne Vorschaden) mit Multi-Garantie	70,79	10
65189	Janitos	Best Selection (5 Jahre ohne Vorschaden) mit Multi-Garantie	73,48	20
65189	Medien	Standard	47,60	5
65189	Medien	Komfort	53,31	5
65189	Medien	Komfort	56,53	7,5
65189	Medien	Komfort	72,59	10
65189	Oberösterreichische	Komfortschutz (5 Jahre ohne Vorschaden)	30,87	5
65189	Oberösterreichische	Superschutz (5 Jahre ohne Vorschaden)	44,80	5
65189	Oberösterreichische	Superschutz (5 Jahre ohne Vorschaden)	53,31	10
65189	Prokundo	Komfort plus (5 Jahre ohne Vorschaden)	52,60	10
65189	Prokundo	Exklusiv plus (5 Jahre ohne Vorschaden)	67,95	15
65189	R+V	Privatschutz	93,06	15
65189	Rhion	Standard	48,15	5
65189	Rhion	Plus	61,19	5
65189	Rhion	Premium	71,85	10
65189	Rhion	Premium	75,85	20
65189	Schleswiger	Plus	54,19	5
65189	Schleswiger	Exklusiv	69,73	15
65189	Syncro24	BLUE LINE TIP	54,74	10
65189	Syncro24	BLUE LINE TOP	71,40	10
65189	VHV	Klassik-Garant	48,20	10
65189	VHV	Exklusiv	61,29	50
65189	VHV	Exklusiv mit Best-Leistungs-Garantie	75,57	50
65189	VOLKSWOHL BUND	KomfortPlus	91,63	10
22337	ADAC-Schutzbrief Versicherungs-AG	EXKLUSIV (nur ADAC Mitglieder)	55,00	10
22337	Adcuri	Basis	43,28	5
22337	Adcuri	Top	51,42	10
22337	Adcuri	Premium	73,84	10
22337	Adcuri	Premium	82,48	50
22337	AllSecur	Basis	39,10	6
22337	AllSecur	Komfort	47,50	12
22337	AllSecur	Premium	56,07	24
22337	ARAG	Basis	55,54	5
22337	ADAC-Schutzbrief Versicherungs-AG	EXKLUSIV (nur ADAC Mitglieder)	55,00	10
22337	Adcuri	Basis	43,28	5
22337	Adcuri	Top	51,42	10
22337	Adcuri	Premium	73,84	10
22337	Adcuri	Premium	82,48	50
22337	AllSecur	Basis	39,10	6
22337	AllSecur	Komfort	47,50	12
22337	AllSecur	Premium	56,07	24
22337	ARAG	Basis	55,54	5
22337	ARAG	Premium	119,25	50
22337	asspario	fair select (5 Jahre ohne Vorschaden)	44,13	10
22337	asspario	best select (5 Jahre ohne Vorschaden)	51,62	15
22337	asspario	top select (5 Jahre ohne Vorschaden)	72,17	50
22337	AXA	Alternativ S - (1 Jahr ohne Vorschaden)	32,57	5
22337	AXA	Alternativ M - (1 Jahr ohne Vorschaden)	37,57	20
22337	AXA	Alternativ M - (1 Jahr ohne Vorschaden)	42,57	20
22337	AXA	Alternativ M - (1 Jahr ohne Vorschaden)	52,57	20
22337	AXA	Alternativ L - (1 Jahr ohne Vorschaden)	64,18	50
22337	Baden-Badener	Eco	39,96	7,5
22337	Baden-Badener	Eco Plus	40,66	10
22337	Baden-Badener	Premium	51,40	10
22337	BarmeniaDirekt	Kompakt	37,01	5
22337	BarmeniaDirekt	Top	63,47	10
22337	BarmeniaDirekt	Top	72,01	50
22337	BarmeniaDirekt	Premium	85,68	10
22337	BarmeniaDirekt	Premium	94,21	50
22337	BavariaDirekt	Komfort S (5 Jahre ohne Vorschaden)	44,91	5
22337	BavariaDirekt	Komfort L (5 Jahre ohne Vorschaden)	54,67	30
22337	BGV / Badische Versicherungen	Basis	42,90	7,5
22337	BGV / Badische Versicherungen	Klassik	64,90	10
22337	BGV / Badische Versicherungen	Exklusiv	93,50	50
22337	Condor	Privatschutz	93,06	15
22337	Condor	Privatschutz Comfort	117,10	20
22337	DEVK Allgemeine	Komfort-Schutz	49,20	10
22337	DEVK Allgemeine	Premium-Schutz	70,80	20
22337	die Bayerische	Komfort (3 Jahre ohne Vorschaden)	54,39	15
22337	die Bayerische	Prestige (3 Jahre ohne Vorschaden)	77,88	50
22337	Die Haftpflichtkasse	Einfach Gut	54,74	15
22337	Die Haftpflichtkasse	Einfach Besser	66,64	20
22337	Die Haftpflichtkasse	Einfach Besser Plus	73,78	50
22337	Die Haftpflichtkasse	Einfach Komplett	83,30	50
22337	ERGO	Privat-Haftpflichtversicherung	77,22	5
22337	ERGO	Privat-Haftpflichtversicherung	82,54	10
22337	ERGO	Privat-Haftpflichtversicherung	90,71	50
22337	ERGO	Premium Schutz	125,87	10
22337	ERGO	Premium Schutz	134,04	50
22337	Europa	Basis	37,76	5
22337	Europa	Komfort	52,23	10
22337	Europa	Premium	84,79	30
22337	Gothaer	Privathaftpflicht	42,11	10
22337	Gothaer	Top	72,39	20
22337	Gothaer	TopPlus	94,77	50
22337	GVO	VIT	42,48	5
22337	GVO	TOP-VIT	61,18	10
22337	GVO	TOP-VIT	76,68	20
22337	GVO	TOP-VIT mit Bestleistungs-Garantie	87,36	10
22337	GVO	TOP-VIT mit Bestleistungs-Garantie	92,15	20
22337	HanseMerkur	Premium	48,37	10
22337	HanseMerkur	Top	63,84	5
22337	HanseMerkur	Top	82,05	10
22337	HanseMerkur	Top	95,00	30
22337	Helvetia	Basisschutz	44,40	5
22337	Helvetia	Basisschutz	45,57	10
22337	Helvetia	Komfortschutz	54,01	5
22337	Helvetia	Komfortschutz	55,76	10
22337	Inter	Exklusiv	69,62	8
22337	Inter	Premium	78,18	10
22337	Interlloyd	PHV Eurosecure	59,50	10
22337	Interlloyd	PHV Premium	71,40	20
22337	Interrisk	Spezial (5 Jahre schadenfreie Vorversicherung)	59,38	7,5
22337	Janitos	Basic (5 Jahre ohne Vorschaden)	55,67	10
22337	Janitos	Balance (5 Jahre ohne Vorschaden)	61,08	20
22337	Janitos	Best Selection (5 Jahre ohne Vorschaden)	63,65	10
22337	Janitos	Best Selection (5 Jahre ohne Vorschaden)	66,34	20
22337	Janitos	Best Selection (5 Jahre ohne Vorschaden) mit Multi-Garantie	70,79	10
22337	Janitos	Best Selection (5 Jahre ohne Vorschaden) mit Multi-Garantie	73,48	20
22337	Medien	Standard	47,60	5
22337	Medien	Komfort	53,31	5
22337	Medien	Komfort	56,53	7,5
22337	Medien	Komfort	72,59	10
22337	Oberösterreichische	Komfortschutz (5 Jahre ohne Vorschaden)	30,87	5
22337	Oberösterreichische	Superschutz (5 Jahre ohne Vorschaden)	44,80	5
22337	Oberösterreichische	Superschutz (5 Jahre ohne Vorschaden)	53,31	10
22337	Prokundo	Komfort plus (5 Jahre ohne Vorschaden)	52,60	10
22337	Prokundo	Exklusiv plus (5 Jahre ohne Vorschaden)	67,95	15
22337	R+V	Privatschutz	93,06	15
22337	Rhion	Standard	48,15	5
22337	Rhion	Plus	61,19	5
22337	Rhion	Premium	71,85	10
22337	Rhion	Premium	75,85	20
22337	Schleswiger	Plus	54,19	5
22337	Schleswiger	Exklusiv	69,73	15
22337	Syncro24	BLUE LINE TIP	54,74	10
22337	Syncro24	BLUE LINE TOP	71,40	10
22337	VHV	Klassik-Garant	48,20	10
22337	VHV	Exklusiv	61,29	50
22337	VHV	Exklusiv mit Best-Leistungs-Garantie	75,57	50
22337	VOLKSWOHL BUND	KomfortPlus	91,63	10
58513	ADAC-Schutzbrief Versicherungs-AG	EXKLUSIV (nur ADAC Mitglieder)	55,00	10
58513	Adcuri	Basis	43,28	5
58513	Adcuri	Top	51,42	10
58513	Adcuri	Premium	73,84	10
58513	Adcuri	Premium	82,48	50
58513	AllSecur	Basis	45,91	6
58513	AllSecur	Komfort	52,01	12
58513	AllSecur	Premium	60,31	24
58513	ARAG	Basis	55,54	5
58513	ADAC-Schutzbrief Versicherungs-AG	EXKLUSIV (nur ADAC Mitglieder)	55,00	10
58513	Adcuri	Basis	43,28	5
58513	Adcuri	Top	51,42	10
58513	Adcuri	Premium	73,84	10
58513	Adcuri	Premium	82,48	50
58513	AllSecur	Basis	45,91	6
58513	AllSecur	Komfort	52,01	12
58513	AllSecur	Premium	60,31	24
58513	ARAG	Basis	55,54	5
58513	ARAG	Premium	119,25	50
58513	asspario	fair select (5 Jahre ohne Vorschaden)	44,13	10
58513	asspario	best select (5 Jahre ohne Vorschaden)	51,62	15
58513	asspario	top select (5 Jahre ohne Vorschaden)	72,17	50
58513	AXA	Alternativ S - (1 Jahr ohne Vorschaden)	33,90	5
58513	AXA	Alternativ M - (1 Jahr ohne Vorschaden)	38,90	20
58513	AXA	Alternativ M - (1 Jahr ohne Vorschaden)	43,90	20
58513	AXA	Alternativ M - (1 Jahr ohne Vorschaden)	53,90	20
58513	AXA	Alternativ L - (1 Jahr ohne Vorschaden)	65,51	50
58513	Baden-Badener	Eco	39,96	7,5
58513	Baden-Badener	Eco Plus	40,66	10
58513	Baden-Badener	Premium	51,40	10
58513	BarmeniaDirekt	Kompakt	37,01	5
58513	BarmeniaDirekt	Top	63,47	10
58513	BarmeniaDirekt	Top	72,01	50
58513	BarmeniaDirekt	Premium	85,68	10
58513	BarmeniaDirekt	Premium	94,21	50
58513	BavariaDirekt	Komfort S (5 Jahre ohne Vorschaden)	44,91	5
58513	BavariaDirekt	Komfort L (5 Jahre ohne Vorschaden)	54,67	30
58513	BGV / Badische Versicherungen	Basis	42,90	7,5
58513	BGV / Badische Versicherungen	Klassik	64,90	10
58513	BGV / Badische Versicherungen	Exklusiv	93,50	50
58513	Condor	Privatschutz	93,06	15
58513	Condor	Privatschutz Comfort	117,10	20
58513	DEVK Allgemeine	Komfort-Schutz	49,20	10
58513	DEVK Allgemeine	Premium-Schutz	70,80	20
58513	die Bayerische	Komfort (3 Jahre ohne Vorschaden)	54,39	15
58513	die Bayerische	Prestige (3 Jahre ohne Vorschaden)	77,88	50
58513	Die Haftpflichtkasse	Einfach Gut	54,74	15
58513	Die Haftpflichtkasse	Einfach Besser	66,64	20
58513	Die Haftpflichtkasse	Einfach Besser Plus	73,78	50
58513	Die Haftpflichtkasse	Einfach Komplett	83,30	50
58513	ERGO	Privat-Haftpflichtversicherung	77,22	5
58513	ERGO	Privat-Haftpflichtversicherung	82,54	10
58513	ERGO	Privat-Haftpflichtversicherung	90,71	50
58513	ERGO	Premium Schutz	125,87	10
58513	ERGO	Premium Schutz	134,04	50
58513	Europa	Basis	37,76	5
58513	Europa	Komfort	52,23	10
58513	Europa	Premium	84,79	30
58513	Gothaer	Privathaftpflicht	42,11	10
58513	Gothaer	Top	72,39	20
58513	Gothaer	TopPlus	94,77	50
58513	GVO	VIT	42,48	5
58513	GVO	TOP-VIT	61,18	10
58513	GVO	TOP-VIT	76,68	20
58513	GVO	TOP-VIT mit Bestleistungs-Garantie	87,36	10
58513	GVO	TOP-VIT mit Bestleistungs-Garantie	92,15	20
58513	HanseMerkur	Premium	48,37	10
58513	HanseMerkur	Top	63,84	5
58513	HanseMerkur	Top	82,05	10
58513	HanseMerkur	Top	95,00	30
58513	Helvetia	Basisschutz	44,40	5
58513	Helvetia	Basisschutz	45,57	10
58513	Helvetia	Komfortschutz	54,01	5
58513	Helvetia	Komfortschutz	55,76	10
58513	Inter	Exklusiv	69,62	8
58513	Inter	Premium	78,18	10
58513	Interlloyd	PHV Eurosecure	59,50	10
58513	Interlloyd	PHV Premium	71,40	20
58513	Interrisk	Spezial (5 Jahre schadenfreie Vorversicherung)	59,38	7,5
58513	Janitos	Basic (5 Jahre ohne Vorschaden)	55,67	10
58513	Janitos	Balance (5 Jahre ohne Vorschaden)	61,08	20
58513	Janitos	Best Selection (5 Jahre ohne Vorschaden)	63,65	10
58513	Janitos	Best Selection (5 Jahre ohne Vorschaden)	66,34	20
58513	Janitos	Best Selection (5 Jahre ohne Vorschaden) mit Multi-Garantie	70,79	10
58513	Janitos	Best Selection (5 Jahre ohne Vorschaden) mit Multi-Garantie	73,48	20
58513	Medien	Standard	47,60	5
58513	Medien	Komfort	53,31	5
58513	Medien	Komfort	56,53	7,5
58513	Medien	Komfort	72,59	10
58513	Oberösterreichische	Komfortschutz (5 Jahre ohne Vorschaden)	30,87	5
58513	Oberösterreichische	Superschutz (5 Jahre ohne Vorschaden)	44,80	5
58513	Oberösterreichische	Superschutz (5 Jahre ohne Vorschaden)	53,31	10
58513	Prokundo	Komfort plus (5 Jahre ohne Vorschaden)	52,60	10
58513	Prokundo	Exklusiv plus (5 Jahre ohne Vorschaden)	67,95	15
58513	R+V	Privatschutz	93,06	15
58513	Rhion	Standard	48,15	5
58513	Rhion	Plus	61,19	5
58513	Rhion	Premium	71,85	10
58513	Rhion	Premium	75,85	20
58513	Schleswiger	Plus	54,19	5
58513	Schleswiger	Exklusiv	69,73	15
58513	Syncro24	BLUE LINE TIP	54,74	10
58513	Syncro24	BLUE LINE TOP	71,40	10
58513	VHV	Klassik-Garant	48,20	10
58513	VHV	Exklusiv	61,29	50
58513	VHV	Exklusiv mit Best-Leistungs-Garantie	75,57	50
58513	VOLKSWOHL BUND	KomfortPlus	91,63	10
47877	ADAC-Schutzbrief Versicherungs-AG	EXKLUSIV (nur ADAC Mitglieder)	55,00	10
47877	Adcuri	Basis	43,28	5
47877	Adcuri	Top	51,42	10
47877	Adcuri	Premium	73,84	10
47877	Adcuri	Premium	82,48	50
47877	AllSecur	Basis	45,91	6
47877	AllSecur	Komfort	52,01	12
47877	AllSecur	Premium	60,31	24
47877	ARAG	Basis	55,54	5
47877	ADAC-Schutzbrief Versicherungs-AG	EXKLUSIV (nur ADAC Mitglieder)	55,00	10
47877	Adcuri	Basis	43,28	5
47877	Adcuri	Top	51,42	10
47877	Adcuri	Premium	73,84	10
47877	Adcuri	Premium	82,48	50
47877	AllSecur	Basis	45,91	6
47877	AllSecur	Komfort	52,01	12
47877	AllSecur	Premium	60,31	24
47877	ARAG	Basis	55,54	5
47877	ARAG	Premium	119,25	50
47877	asspario	fair select (5 Jahre ohne Vorschaden)	44,13	10
47877	asspario	best select (5 Jahre ohne Vorschaden)	51,62	15
47877	asspario	top select (5 Jahre ohne Vorschaden)	72,17	50
47877	AXA	Alternativ S - (1 Jahr ohne Vorschaden)	40,58	5
47877	AXA	Alternativ M - (1 Jahr ohne Vorschaden)	45,58	20
47877	AXA	Alternativ M - (1 Jahr ohne Vorschaden)	50,58	20
47877	AXA	Alternativ M - (1 Jahr ohne Vorschaden)	60,58	20
47877	AXA	Alternativ L - (1 Jahr ohne Vorschaden)	72,19	50
47877	Baden-Badener	Eco	39,96	7,5
47877	Baden-Badener	Eco Plus	40,66	10
47877	Baden-Badener	Premium	51,40	10
47877	BarmeniaDirekt	Kompakt	37,01	5
47877	BarmeniaDirekt	Top	63,47	10
47877	BarmeniaDirekt	Top	72,01	50
47877	BarmeniaDirekt	Premium	85,68	10
47877	BarmeniaDirekt	Premium	94,21	50
47877	BavariaDirekt	Komfort S (5 Jahre ohne Vorschaden)	44,91	5
47877	BavariaDirekt	Komfort L (5 Jahre ohne Vorschaden)	54,67	30
47877	BGV / Badische Versicherungen	Basis	42,90	7,5
47877	BGV / Badische Versicherungen	Klassik	64,90	10
47877	BGV / Badische Versicherungen	Exklusiv	93,50	50
47877	Condor	Privatschutz	93,06	15
47877	Condor	Privatschutz Comfort	117,10	20
47877	DEVK Allgemeine	Komfort-Schutz	49,20	10
47877	DEVK Allgemeine	Premium-Schutz	70,80	20
47877	die Bayerische	Komfort (3 Jahre ohne Vorschaden)	54,39	15
47877	die Bayerische	Prestige (3 Jahre ohne Vorschaden)	77,88	50
47877	Die Haftpflichtkasse	Einfach Gut	54,74	15
47877	Die Haftpflichtkasse	Einfach Besser	66,64	20
47877	Die Haftpflichtkasse	Einfach Besser Plus	73,78	50
47877	Die Haftpflichtkasse	Einfach Komplett	83,30	50
47877	ERGO	Privat-Haftpflichtversicherung	77,22	5
47877	ERGO	Privat-Haftpflichtversicherung	82,54	10
47877	ERGO	Privat-Haftpflichtversicherung	90,71	50
47877	ERGO	Premium Schutz	125,87	10
47877	ERGO	Premium Schutz	134,04	50
47877	Europa	Basis	37,76	5
47877	Europa	Komfort	52,23	10
47877	Europa	Premium	84,79	30
47877	Gothaer	Privathaftpflicht	42,11	10
47877	Gothaer	Top	72,39	20
47877	Gothaer	TopPlus	94,77	50
47877	GVO	VIT	42,48	5
47877	GVO	TOP-VIT	61,18	10
47877	GVO	TOP-VIT	76,68	20
47877	GVO	TOP-VIT mit Bestleistungs-Garantie	87,36	10
47877	GVO	TOP-VIT mit Bestleistungs-Garantie	92,15	20
47877	HanseMerkur	Premium	48,37	10
47877	HanseMerkur	Top	63,84	5
47877	HanseMerkur	Top	82,05	10
47877	HanseMerkur	Top	95,00	30
47877	Helvetia	Basisschutz	44,40	5
47877	Helvetia	Basisschutz	45,57	10
47877	Helvetia	Komfortschutz	54,01	5
47877	Helvetia	Komfortschutz	55,76	10
47877	Inter	Exklusiv	69,62	8
47877	Inter	Premium	78,18	10
47877	Interlloyd	PHV Eurosecure	59,50	10
47877	Interlloyd	PHV Premium	71,40	20
47877	Interrisk	Spezial (5 Jahre schadenfreie Vorversicherung)	59,38	7,5
47877	Janitos	Basic (5 Jahre ohne Vorschaden)	55,67	10
47877	Janitos	Balance (5 Jahre ohne Vorschaden)	61,08	20
47877	Janitos	Best Selection (5 Jahre ohne Vorschaden)	63,65	10
47877	Janitos	Best Selection (5 Jahre ohne Vorschaden)	66,34	20
47877	Janitos	Best Selection (5 Jahre ohne Vorschaden) mit Multi-Garantie	70,79	10
47877	Janitos	Best Selection (5 Jahre ohne Vorschaden) mit Multi-Garantie	73,48	20
47877	Medien	Standard	47,60	5
47877	Medien	Komfort	53,31	5
47877	Medien	Komfort	56,53	7,5
47877	Medien	Komfort	72,59	10
47877	Oberösterreichische	Komfortschutz (5 Jahre ohne Vorschaden)	30,87	5
47877	Oberösterreichische	Superschutz (5 Jahre ohne Vorschaden)	44,80	5
47877	Oberösterreichische	Superschutz (5 Jahre ohne Vorschaden)	53,31	10
47877	Prokundo	Komfort plus (5 Jahre ohne Vorschaden)	52,60	10
47877	Prokundo	Exklusiv plus (5 Jahre ohne Vorschaden)	67,95	15
47877	R+V	Privatschutz	93,06	15
47877	Rhion	Standard	48,15	5
47877	Rhion	Plus	61,19	5
47877	Rhion	Premium	71,85	10
47877	Rhion	Premium	75,85	20
47877	Schleswiger	Plus	54,19	5
47877	Schleswiger	Exklusiv	69,73	15
47877	Syncro24	BLUE LINE TIP	54,74	10
47877	Syncro24	BLUE LINE TOP	71,40	10
47877	VHV	Klassik-Garant	48,20	10
47877	VHV	Exklusiv	61,29	50
47877	VHV	Exklusiv mit Best-Leistungs-Garantie	75,57	50
47877	VOLKSWOHL BUND	KomfortPlus	91,63	10
